"date","order_id","customer_id","product_id","category","unit_price","quantity","revenue","region","sales_channel","promotion"
2023-01-01,"ORD426253","C20","P7","Clothing",49.46,6,296.76,"South","Online","No"
2023-01-02,"ORD789059","C485","P3","Electronics",267.29,12,3207.48,"East","Online","Yes"
2023-01-03,"ORD865799","C259","P5","Clothing",45.67,7,319.69,"South","Online","No"
2023-01-04,"ORD783918","C406","P10","Home",102.43,8,819.44,"South","Online","Yes"
2023-01-05,"ORD206092","C348","P4","Electronics",452.35,8,3618.8,"North","Online","Yes"
2023-01-06,"ORD242295","C215","P2","Electronics",574.83,6,3448.98,"North","Store","No"
2023-01-07,"ORD440097","C372","P10","Home",102.43,9,921.87,"East","Store","Yes"
2023-01-08,"ORD459097","C138","P5","Clothing",45.67,3,137.01,"west","Online","No"
2023-01-09,"ORD306956","C490","P1","Electronics",565.92,0,0,"North","Store","No"
2023-01-10,"ORD775362","C221","P12","Home",121.91,2,243.82,"west","Online","No"
2023-01-11,"ORD395899","C118","P12","Home",103.62,9,932.58,"South","Store","Yes"
2023-01-12,"ORD425229","C360","P8","Clothing",25.39,4,101.56,"East","Online","No"
2023-01-13,"ORD326278","C298","P5","Clothing",45.67,7,319.69,"South","Online","No"
2023-01-14,"ORD474843","C285","P5","Clothing",38.82,8,310.56,"North","Store","Yes"
2023-01-15,"ORD993354","C442","P9","Home",115.7,9,1041.3,"west","Store","No"
2023-01-16,"ORD916845","C389","P7","Clothing",49.46,3,148.38,"North","Store","No"
2023-01-17,"ORD711063","C353","P10","Home",120.51,3,361.53,"East","Store","No"
2023-01-18,"ORD991405","C111","P9","Home",115.7,3,347.1,"South","Online","No"
2023-01-19,"ORD108945","C287","P11","Home",95.77,3,287.31,"South","Store","No"
2023-01-20,"ORD356763","C271","P6","Clothing",34.65,6,207.9,"South","Online","Yes"
2023-01-21,"ORD825631","C410","P7","Clothing",42.04,6,252.24,"North","Online","Yes"
2023-01-22,"ORD221368","C348","P2","Electronics",574.83,9,5173.47,"East","Online","No"
2023-01-23,"ORD784937","C185","P2","Electronics",574.83,5,2874.15,"west","Online","No"
2023-01-24,"ORD135588","C35","P5","Clothing",38.82,7,271.74,"South","Store","Yes"
2023-01-25,"ORD385154","C182","P12","Home",121.91,2,243.82,"South","Online","No"
2023-01-26,"ORD759994","C30","P11","Home",81.41,8,651.28,"west","Online","Yes"
2023-01-27,"ORD646192","C62","P4","Electronics",532.18,5,2660.9,"North","Online","No"
2023-01-28,"ORD926995","C257","P12","Home",121.91,6,731.46,"North","Online","No"
2023-01-29,"ORD572190","C208","P12","Home",121.91,3,365.73,"East","Online","No"
2023-01-30,"ORD251995","C351","P12","Home",121.91,8,975.28,"North","Online","No"
2023-01-31,"ORD525214","C201","P8","Clothing",25.39,3,76.17,"North","Online","No"
2023-02-01,"ORD870510","C93","P3","Electronics",314.46,4,1257.84,"North","Online","No"
2023-02-02,"ORD616320","C61","P9","Home",115.7,2,231.4,"South","Online","No"
2023-02-03,"ORD460245","C468","P9","Home",115.7,2,231.4,"East","Store","No"
2023-02-04,"ORD781166","C85","P10","Home",102.43,17,1741.31,"South","Online","Yes"
2023-02-05,"ORD755515","C274","P6","Clothing",40.76,8,326.08,"East","Store","No"
2023-02-06,"ORD315758","C189","P10","Home",120.51,4,482.04,"East","Store","No"
2023-02-07,"ORD452147","C114","P11","Home",95.77,2,191.54,"South","Online","No"
2023-02-08,"ORD721000","C383","P11","Home",95.77,3,287.31,"East","Online","No"
2023-02-09,"ORD295291","C213","P3","Electronics",314.46,6,1886.76,"west","Store","No"
2023-02-10,"ORD776464","C30","P6","Clothing",40.76,4,163.04,"East","Store","No"
2023-02-11,"ORD720631","C370","P12","Home",121.91,3,365.73,"East","Online","No"
2023-02-12,"ORD746264","C89","P12","Home",103.62,6,621.72,"North","Online","Yes"
2023-02-13,"ORD988094","C347","P3","Electronics",314.46,9,2830.14,"west","Online","No"
2023-02-14,"ORD491923","C469","P8","Clothing",25.39,8,203.12,"west","Online","No"
2023-02-15,"ORD961531","C289","P10","Home",120.51,3,361.53,"North","Store","No"
2023-02-16,"ORD523787","C261","P6","Clothing",40.76,10,407.6,"East","Online","No"
2023-02-17,"ORD750781","C54","P2","Electronics",574.83,5,2874.15,"South","Online","No"
2023-02-18,"ORD910195","C235","P3","Electronics",314.46,7,2201.22,"North","Online","No"
2023-02-19,"ORD849137","C409","P10","Home",102.43,10,1024.3,"west","Store","Yes"
2023-02-20,"ORD256821","C61","P9","Home",115.7,3,347.1,"west","Online","No"
2023-02-21,"ORD191346","C174","P2","Electronics",574.83,4,2299.32,"North","Online","No"
2023-02-22,"ORD204626","C499","P10","Home",102.43,7,717.01,"South","Store","Yes"
2023-02-23,"ORD683001","C317","P2","Electronics",574.83,7,4023.81,"East","Online","No"
2023-02-24,"ORD848178","C326","P4","Electronics",452.35,7,3166.45,"west","Store","Yes"
2023-02-25,"ORD658337","C422","P10","Home",120.51,3,361.53,"North","Store","No"
2023-02-26,"ORD372013","C192","P11","Home",95.77,9,861.93,"South","Online","No"
2023-02-27,"ORD122987","C22","P1","Electronics",565.92,3,1697.76,"North","Store","No"
2023-02-28,"ORD757460","C422","P9","Home",115.7,6,694.2,"North","Online","No"
2023-03-01,"ORD324417","C87","P5","Clothing",45.67,7,319.69,"west","Online","No"
2023-03-02,"ORD789325","C174","P9","Home",115.7,6,694.2,"East","Store","No"
2023-03-03,"ORD571806","C84","P2","Electronics",574.83,4,2299.32,"North","Online","No"
2023-03-04,"ORD347258","C393","P6","Clothing",34.65,7,242.55,"west","Online","Yes"
2023-03-05,"ORD985878","C107","P10","Home",120.51,7,843.57,"East","Online","No"
2023-03-06,"ORD664123","C15","P9","Home",115.7,3,347.1,"North","Store","No"
2023-03-07,"ORD754476","C62","P7","Clothing",49.46,3,148.38,"South","Store","No"
2023-03-08,"ORD742633","C123","P11","Home",81.41,7,569.87,"North","Online","Yes"
2023-03-09,"ORD347493","C458","P1","Electronics",565.92,5,2829.6,"west","Online","No"
2023-03-10,"ORD238039","C224","P4","Electronics",532.18,5,2660.9,"North","Online","No"
2023-03-11,"ORD699686","C147","P3","Electronics",314.46,4,1257.84,"North","Online","No"
2023-03-12,"ORD572924","C158","P10","Home",120.51,5,602.55,"East","Online","No"
2023-03-13,"ORD173126","C308","P3","Electronics",267.29,9,2405.61,"North","Online","Yes"
2023-03-14,"ORD162580","C446","P11","Home",95.77,4,383.08,"South","Online","No"
2023-03-15,"ORD841355","C444","P7","Clothing",49.46,2,98.92,"North","Online","No"
2023-03-16,"ORD613708","C398","P5","Clothing",38.82,8,310.56,"South","Store","Yes"
2023-03-17,"ORD949031","C249","P3","Electronics",314.46,4,1257.84,"North","Online","No"
2023-03-18,"ORD747262","C421","P6","Clothing",40.76,7,285.32,"East","Store","No"
2023-03-19,"ORD871065","C331","P9","Home",98.34,13,1278.42,"East","Store","Yes"
2023-03-20,"ORD317915","C103","P1","Electronics",565.92,3,1697.76,"East","Store","No"
2023-03-21,"ORD256332","C84","P8","Clothing",25.39,7,177.73,"East","Store","No"
2023-03-22,"ORD677711","C75","P8","Clothing",25.39,4,101.56,"North","Online","No"
2023-03-23,"ORD422078","C312","P2","Electronics",574.83,9,5173.47,"west","Online","No"
2023-03-24,"ORD268687","C264","P7","Clothing",49.46,7,346.22,"East","Store","No"
2023-03-25,"ORD845634","C180","P10","Home",120.51,8,964.08,"west","Online","No"
2023-03-26,"ORD621856","C461","P6","Clothing",40.76,6,244.56,"East","Store","No"
2023-03-27,"ORD422273","C143","P11","Home",95.77,6,574.62,"North","Online","No"
2023-03-28,"ORD147515","C210","P5","Clothing",45.67,4,182.68,"East","Store","No"
2023-03-29,"ORD911425","C204","P1","Electronics",481.03,8,3848.24,"South","Online","Yes"
2023-03-30,"ORD615347","C156","P4","Electronics",532.18,4,2128.72,"East","Online","No"
2023-03-31,"ORD416151","C498","P1","Electronics",565.92,4,2263.68,"west","Store","No"
2023-04-01,"ORD245785","C18","P5","Clothing",45.67,4,182.68,"South","Online","No"
2023-04-02,"ORD619709","C148","P1","Electronics",565.92,7,3961.44,"East","Online","No"
2023-04-03,"ORD294172","C235","P5","Clothing",45.67,2,91.34,"East","Online","No"
2023-04-04,"ORD924737","C278","P8","Clothing",25.39,1,25.39,"west","Store","No"
2023-04-05,"ORD301394","C295","P1","Electronics",565.92,7,3961.44,"North","Online","No"
2023-04-06,"ORD805470","C492","P3","Electronics",267.29,5,1336.45,"North","Store","Yes"
2023-04-07,"ORD357964","C115","P4","Electronics",532.18,9,4789.62,"North","Online","No"
2023-04-08,"ORD177466","C477","P1","Electronics",565.92,9,5093.28,"South","Store","No"
2023-04-09,"ORD733868","C98","P5","Clothing",45.67,8,365.36,"East","Store","No"
2023-04-10,"ORD741887","C110","P9","Home",98.34,9,885.06,"East","Online","Yes"
2023-04-11,"ORD337625","C245","P1","Electronics",481.03,6,2886.18,"west","Store","Yes"
2023-04-12,"ORD630589","C371","P11","Home",95.77,6,574.62,"North","Online","No"
2023-04-13,"ORD594251","C34","P2","Electronics",488.61,6,2931.66,"East","Online","Yes"
2023-04-14,"ORD990005","C154","P12","Home",103.62,9,932.58,"North","Store","Yes"
2023-04-15,"ORD240206","C473","P8","Clothing",25.39,7,177.73,"South","Online","No"
2023-04-16,"ORD821960","C353","P3","Electronics",267.29,13,3474.77,"East","Store","Yes"
2023-04-17,"ORD870462","C152","P4","Electronics",532.18,2,1064.36,"South","Store","No"
2023-04-18,"ORD775784","C210","P6","Clothing",40.76,4,163.04,"East","Store","No"
2023-04-19,"ORD126919","C459","P1","Electronics",481.03,8,3848.24,"South","Store","Yes"
2023-04-20,"ORD126461","C57","P7","Clothing",42.04,4,168.16,"East","Online","Yes"
2023-04-21,"ORD539949","C10","P12","Home",121.91,4,487.64,"East","Online","No"
2023-04-22,"ORD420276","C63","P5","Clothing",38.82,9,349.38,"South","Store","Yes"
2023-04-23,"ORD922362","C285","P3","Electronics",314.46,8,2515.68,"East","Online","No"
2023-04-24,"ORD329311","C433","P10","Home",120.51,7,843.57,"South","Store","No"
2023-04-25,"ORD961909","C478","P8","Clothing",21.58,7,151.06,"East","Store","Yes"
2023-04-26,"ORD626871","C255","P1","Electronics",481.03,6,2886.18,"South","Online","Yes"
2023-04-27,"ORD700996","C241","P4","Electronics",532.18,2,1064.36,"North","Online","No"
2023-04-28,"ORD255277","C457","P10","Home",120.51,5,602.55,"west","Online","No"
2023-04-29,"ORD304066","C39","P7","Clothing",42.04,20,840.8,"North","Store","Yes"
2023-04-30,"ORD298940","C475","P8","Clothing",25.39,2,50.78,"west","Online","No"
2023-05-01,"ORD649975","C195","P12","Home",121.91,8,975.28,"East","Online","No"
2023-05-02,"ORD815222","C428","P9","Home",98.34,5,491.7,"North","Online","Yes"
2023-05-03,"ORD921394","C66","P4","Electronics",532.18,1,532.18,"South","Store","No"
2023-05-04,"ORD133091","C82","P9","Home",98.34,8,786.72,"South","Store","Yes"
2023-05-05,"ORD629062","C14","P3","Electronics",314.46,6,1886.76,"North","Store","No"
2023-05-06,"ORD713268","C169","P10","Home",102.43,12,1229.16,"East","Online","Yes"
2023-05-07,"ORD384985","C339","P4","Electronics",452.35,11,4975.85,"west","Online","Yes"
2023-05-08,"ORD607241","C172","P11","Home",95.77,5,478.85,"South","Online","No"
2023-05-09,"ORD902880","C432","P4","Electronics",532.18,4,2128.72,"west","Store","No"
2023-05-10,"ORD782432","C472","P5","Clothing",45.67,1,45.67,"North","Online","No"
2023-05-11,"ORD523877","C208","P3","Electronics",267.29,7,1871.03,"North","Online","Yes"
2023-05-12,"ORD168233","C78","P8","Clothing",25.39,4,101.56,"South","Online","No"
2023-05-13,"ORD680176","C2","P2","Electronics",574.83,3,1724.49,"East","Online","No"
2023-05-14,"ORD197968","C384","P11","Home",81.41,9,732.69,"South","Online","Yes"
2023-05-15,"ORD454016","C259","P11","Home",81.41,7,569.87,"South","Store","Yes"
2023-05-16,"ORD500629","C265","P10","Home",102.43,9,921.87,"East","Online","Yes"
2023-05-17,"ORD984936","C293","P6","Clothing",40.76,3,122.28,"North","Store","No"
2023-05-18,"ORD201442","C498","P4","Electronics",532.18,4,2128.72,"South","Online","No"
2023-05-19,"ORD775847","C167","P8","Clothing",25.39,6,152.34,"North","Store","No"
2023-05-20,"ORD495063","C417","P12","Home",103.62,9,932.58,"west","Store","Yes"
2023-05-21,"ORD303185","C373","P3","Electronics",314.46,6,1886.76,"South","Store","No"
2023-05-22,"ORD545547","C424","P3","Electronics",314.46,7,2201.22,"North","Store","No"
2023-05-23,"ORD495940","C193","P6","Clothing",40.76,2,81.52,"East","Online","No"
2023-05-24,"ORD508169","C166","P11","Home",95.77,6,574.62,"North","Store","No"
2023-05-25,"ORD114317","C385","P12","Home",121.91,3,365.73,"East","Store","No"
2023-05-26,"ORD675995","C339","P8","Clothing",25.39,4,101.56,"South","Online","No"
2023-05-27,"ORD234644","C253","P5","Clothing",45.67,8,365.36,"North","Online","No"
2023-05-28,"ORD204800","C406","P4","Electronics",532.18,8,4257.44,"South","Store","No"
2023-05-29,"ORD343370","C458","P7","Clothing",49.46,3,148.38,"South","Online","No"
2023-05-30,"ORD780594","C170","P9","Home",115.7,4,462.8,"North","Online","No"
2023-05-31,"ORD289766","C474","P6","Clothing",40.76,4,163.04,"East","Store","No"
2023-06-01,"ORD860527","C95","P8","Clothing",21.58,12,258.96,"North","Store","Yes"
2023-06-02,"ORD723571","C384","P11","Home",95.77,3,287.31,"South","Store","No"
2023-06-03,"ORD513945","C434","P8","Clothing",25.39,9,228.51,"East","Online","No"
2023-06-04,"ORD728917","C125","P7","Clothing",49.46,7,346.22,"North","Store","No"
2023-06-05,"ORD839026","C161","P1","Electronics",565.92,8,4527.36,"East","Online","No"
2023-06-06,"ORD975570","C437","P11","Home",95.77,5,478.85,"East","Store","No"
2023-06-07,"ORD105527","C207","P8","Clothing",21.58,4,86.32,"west","Store","Yes"
2023-06-08,"ORD977235","C101","P11","Home",95.77,1,95.77,"East","Online","No"
2023-06-09,"ORD110384","C62","P11","Home",95.77,6,574.62,"North","Store","No"
2023-06-10,"ORD764018","C333","P10","Home",120.51,4,482.04,"South","Online","No"
2023-06-11,"ORD424937","C161","P3","Electronics",267.29,8,2138.32,"East","Store","Yes"
2023-06-12,"ORD647411","C243","P7","Clothing",42.04,6,252.24,"East","Store","Yes"
2023-06-13,"ORD189189","C446","P3","Electronics",314.46,6,1886.76,"East","Store","No"
2023-06-14,"ORD256759","C57","P10","Home",102.43,8,819.44,"west","Online","Yes"
2023-06-15,"ORD733255","C409","P2","Electronics",574.83,3,1724.49,"East","Store","No"
2023-06-16,"ORD412656","C121","P8","Clothing",25.39,4,101.56,"North","Store","No"
2023-06-17,"ORD919552","C396","P8","Clothing",25.39,8,203.12,"North","Store","No"
2023-06-18,"ORD364598","C63","P3","Electronics",314.46,3,943.38,"East","Online","No"
2023-06-19,"ORD977621","C52","P6","Clothing",40.76,4,163.04,"west","Store","No"
2023-06-20,"ORD167213","C440","P8","Clothing",25.39,2,50.78,"South","Store","No"
2023-06-21,"ORD602241","C412","P2","Electronics",574.83,1,574.83,"North","Online","No"
2023-06-22,"ORD263339","C18","P10","Home",102.43,9,921.87,"East","Online","Yes"
2023-06-23,"ORD908263","C41","P2","Electronics",574.83,7,4023.81,"west","Store","No"
2023-06-24,"ORD206698","C106","P8","Clothing",21.58,6,129.48,"west","Online","Yes"
2023-06-25,"ORD733461","C366","P2","Electronics",574.83,8,4598.64,"East","Online","No"
2023-06-26,"ORD541751","C345","P4","Electronics",532.18,5,2660.9,"East","Online","No"
2023-06-27,"ORD243422","C471","P10","Home",120.51,13,1566.63,"East","Online","No"
2023-06-28,"ORD818058","C298","P2","Electronics",488.61,7,3420.27,"west","Online","Yes"
2023-06-29,"ORD729302","C483","P5","Clothing",45.67,10,456.7,"South","Online","No"
2023-06-30,"ORD461721","C191","P8","Clothing",25.39,5,126.95,"North","Store","No"
2023-07-01,"ORD463424","C348","P12","Home",121.91,3,365.73,"East","Online","No"
2023-07-02,"ORD203942","C272","P9","Home",115.7,8,925.6,"west","Store","No"
2023-07-03,"ORD186855","C280","P6","Clothing",40.76,4,163.04,"North","Store","No"
2023-07-04,"ORD174029","C345","P9","Home",115.7,6,694.2,"North","Online","No"
2023-07-05,"ORD363040","C189","P6","Clothing",34.65,8,277.2,"East","Online","Yes"
2023-07-06,"ORD763160","C402","P1","Electronics",565.92,7,3961.44,"North","Store","No"
2023-07-07,"ORD701459","C233","P11","Home",95.77,1,95.77,"North","Online","No"
2023-07-08,"ORD232293","C456","P6","Clothing",40.76,4,163.04,"west","Online","No"
2023-07-09,"ORD607767","C316","P1","Electronics",481.03,9,4329.27,"west","Online","Yes"
2023-07-10,"ORD797065","C307","P9","Home",115.7,1,115.7,"South","Online","No"
2023-07-11,"ORD509718","C25","P3","Electronics",267.29,9,2405.61,"East","Online","Yes"
2023-07-12,"ORD893626","C159","P10","Home",120.51,5,602.55,"South","Store","No"
2023-07-13,"ORD412301","C91","P10","Home",102.43,10,1024.3,"East","Online","Yes"
2023-07-14,"ORD405607","C294","P12","Home",121.91,4,487.64,"North","Store","No"
2023-07-15,"ORD878737","C487","P5","Clothing",38.82,8,310.56,"west","Store","Yes"
2023-07-16,"ORD328481","C125","P10","Home",120.51,4,482.04,"west","Online","No"
2023-07-17,"ORD299755","C367","P1","Electronics",565.92,5,2829.6,"west","Online","No"
2023-07-18,"ORD889232","C202","P1","Electronics",481.03,4,1924.12,"East","Online","Yes"
2023-07-19,"ORD772038","C74","P1","Electronics",565.92,5,2829.6,"west","Online","No"
2023-07-20,"ORD185780","C61","P3","Electronics",267.29,5,1336.45,"South","Online","Yes"
2023-07-21,"ORD947427","C499","P11","Home",81.41,5,407.05,"west","Online","Yes"
2023-07-22,"ORD503916","C453","P8","Clothing",21.58,9,194.22,"west","Store","Yes"
2023-07-23,"ORD251590","C422","P9","Home",115.7,3,347.1,"North","Store","No"
2023-07-24,"ORD346411","C148","P10","Home",120.51,4,482.04,"west","Online","No"
2023-07-25,"ORD875086","C291","P2","Electronics",574.83,12,6897.96,"East","Store","No"
2023-07-26,"ORD754398","C351","P7","Clothing",49.46,4,197.84,"South","Online","No"
2023-07-27,"ORD990274","C13","P1","Electronics",565.92,5,2829.6,"North","Store","No"
2023-07-28,"ORD814074","C417","P10","Home",102.43,8,819.44,"west","Online","Yes"
2023-07-29,"ORD313122","C375","P11","Home",95.77,8,766.16,"East","Store","No"
2023-07-30,"ORD276918","C310","P11","Home",95.77,10,957.7,"South","Online","No"
2023-07-31,"ORD155155","C468","P6","Clothing",40.76,7,285.32,"west","Online","No"
2023-08-01,"ORD534460","C207","P4","Electronics",532.18,7,3725.26,"South","Store","No"
2023-08-02,"ORD146830","C65","P11","Home",95.77,7,670.39,"South","Online","No"
2023-08-03,"ORD971288","C203","P3","Electronics",314.46,5,1572.3,"South","Online","No"
2023-08-04,"ORD171449","C136","P11","Home",95.77,7,670.39,"South","Online","No"
2023-08-05,"ORD575373","C263","P7","Clothing",49.46,8,395.68,"North","Store","No"
2023-08-06,"ORD417264","C181","P12","Home",121.91,2,243.82,"west","Online","No"
2023-08-07,"ORD426912","C406","P5","Clothing",45.67,5,228.35,"west","Store","No"
2023-08-08,"ORD290208","C486","P2","Electronics",488.61,5,2443.05,"East","Store","Yes"
2023-08-09,"ORD110455","C49","P3","Electronics",314.46,4,1257.84,"East","Store","No"
2023-08-10,"ORD924234","C198","P1","Electronics",565.92,4,2263.68,"East","Online","No"
2023-08-11,"ORD890394","C310","P6","Clothing",40.76,3,122.28,"North","Store","No"
2023-08-12,"ORD608405","C25","P3","Electronics",314.46,4,1257.84,"East","Store","No"
2023-08-13,"ORD998519","C275","P5","Clothing",45.67,7,319.69,"East","Store","No"
2023-08-14,"ORD132889","C496","P1","Electronics",565.92,3,1697.76,"North","Store","No"
2023-08-15,"ORD837962","C261","P7","Clothing",42.04,5,210.2,"North","Store","Yes"
2023-08-16,"ORD897044","C37","P5","Clothing",45.67,6,274.02,"west","Online","No"
2023-08-17,"ORD754702","C66","P10","Home",120.51,4,482.04,"North","Store","No"
2023-08-18,"ORD503678","C284","P12","Home",121.91,6,731.46,"North","Online","No"
2023-08-19,"ORD143695","C425","P10","Home",120.51,8,964.08,"East","Online","No"
2023-08-20,"ORD538190","C265","P1","Electronics",565.92,3,1697.76,"South","Store","No"
2023-08-21,"ORD168619","C406","P5","Clothing",45.67,2,91.34,"west","Online","No"
2023-08-22,"ORD590427","C474","P9","Home",115.7,8,925.6,"East","Store","No"
2023-08-23,"ORD798034","C204","P1","Electronics",565.92,4,2263.68,"west","Store","No"
2023-08-24,"ORD503093","C324","P12","Home",121.91,6,731.46,"North","Store","No"
2023-08-25,"ORD941885","C190","P4","Electronics",532.18,3,1596.54,"North","Store","No"
2023-08-26,"ORD818189","C254","P6","Clothing",40.76,6,244.56,"North","Online","No"
2023-08-27,"ORD835671","C399","P11","Home",95.77,4,383.08,"west","Store","No"
2023-08-28,"ORD863819","C296","P12","Home",121.91,3,365.73,"South","Online","No"
2023-08-29,"ORD340308","C309","P2","Electronics",574.83,5,2874.15,"North","Store","No"
2023-08-30,"ORD175084","C220","P7","Clothing",42.04,12,504.48,"west","Online","Yes"
2023-08-31,"ORD513149","C350","P7","Clothing",49.46,8,395.68,"East","Online","No"
2023-09-01,"ORD605502","C374","P12","Home",121.91,7,853.37,"west","Online","No"
2023-09-02,"ORD906283","C275","P3","Electronics",267.29,10,2672.9,"North","Online","Yes"
2023-09-03,"ORD587435","C322","P5","Clothing",45.67,8,365.36,"North","Store","No"
2023-09-04,"ORD846316","C94","P12","Home",121.91,3,365.73,"South","Online","No"
2023-09-05,"ORD112927","C198","P8","Clothing",25.39,5,126.95,"North","Store","No"
2023-09-06,"ORD416555","C454","P3","Electronics",314.46,2,628.92,"South","Store","No"
2023-09-07,"ORD502713","C34","P4","Electronics",452.35,6,2714.1,"North","Store","Yes"
2023-09-08,"ORD302048","C488","P3","Electronics",267.29,12,3207.48,"South","Store","Yes"
2023-09-09,"ORD841569","C474","P6","Clothing",40.76,7,285.32,"South","Online","No"
2023-09-10,"ORD516485","C313","P7","Clothing",49.46,5,247.3,"South","Online","No"
2023-09-11,"ORD858394","C3","P11","Home",81.41,4,325.64,"west","Store","Yes"
2023-09-12,"ORD721641","C126","P7","Clothing",49.46,2,98.92,"west","Store","No"
2023-09-13,"ORD359056","C367","P12","Home",103.62,9,932.58,"East","Online","Yes"
2023-09-14,"ORD512779","C477","P12","Home",121.91,8,975.28,"East","Store","No"
2023-09-15,"ORD736939","C403","P5","Clothing",45.67,4,182.68,"North","Store","No"
2023-09-16,"ORD599973","C111","P10","Home",120.51,10,1205.1,"North","Store","No"
2023-09-17,"ORD977828","C305","P7","Clothing",49.46,8,395.68,"North","Store","No"
2023-09-18,"ORD476978","C57","P3","Electronics",314.46,5,1572.3,"South","Store","No"
2023-09-19,"ORD882977","C86","P10","Home",120.51,10,1205.1,"East","Online","No"
2023-09-20,"ORD613337","C165","P11","Home",95.77,3,287.31,"west","Online","No"
2023-09-21,"ORD719419","C389","P2","Electronics",574.83,7,4023.81,"North","Store","No"
2023-09-22,"ORD335939","C49","P12","Home",103.62,8,828.96,"North","Online","Yes"
2023-09-23,"ORD569161","C352","P2","Electronics",488.61,11,5374.71,"South","Store","Yes"
2023-09-24,"ORD321971","C451","P5","Clothing",38.82,10,388.2,"East","Online","Yes"
2023-09-25,"ORD198669","C135","P10","Home",120.51,6,723.06,"west","Store","No"
2023-09-26,"ORD205320","C269","P10","Home",102.43,7,717.01,"North","Online","Yes"
2023-09-27,"ORD357547","C295","P9","Home",98.34,5,491.7,"South","Online","Yes"
2023-09-28,"ORD903770","C349","P7","Clothing",49.46,4,197.84,"west","Store","No"
2023-09-29,"ORD318343","C253","P2","Electronics",574.83,4,2299.32,"East","Online","No"
2023-09-30,"ORD478291","C75","P8","Clothing",25.39,7,177.73,"East","Store","No"
2023-10-01,"ORD554098","C259","P2","Electronics",574.83,6,3448.98,"South","Store","No"
2023-10-02,"ORD799290","C194","P9","Home",115.7,6,694.2,"South","Online","No"
2023-10-03,"ORD971147","C325","P6","Clothing",40.76,10,407.6,"North","Store","No"
2023-10-04,"ORD220345","C195","P4","Electronics",532.18,5,2660.9,"west","Online","No"
2023-10-05,"ORD352936","C376","P10","Home",102.43,8,819.44,"North","Online","Yes"
2023-10-06,"ORD642761","C239","P7","Clothing",42.04,8,336.32,"west","Store","Yes"
2023-10-07,"ORD191168","C270","P9","Home",98.34,11,1081.74,"South","Online","Yes"
2023-10-08,"ORD914480","C153","P3","Electronics",314.46,7,2201.22,"South","Store","No"
2023-10-09,"ORD268587","C201","P8","Clothing",25.39,5,126.95,"East","Store","No"
2023-10-10,"ORD282038","C416","P11","Home",81.41,5,407.05,"North","Online","Yes"
2023-10-11,"ORD150002","C318","P11","Home",95.77,4,383.08,"North","Online","No"
2023-10-12,"ORD828040","C15","P11","Home",95.77,6,574.62,"west","Store","No"
2023-10-13,"ORD488825","C341","P5","Clothing",38.82,2,77.64,"west","Store","Yes"
2023-10-14,"ORD814176","C72","P5","Clothing",45.67,7,319.69,"South","Store","No"
2023-10-15,"ORD795106","C24","P12","Home",121.91,5,609.55,"East","Store","No"
2023-10-16,"ORD318401","C326","P3","Electronics",314.46,9,2830.14,"South","Online","No"
2023-10-17,"ORD132182","C223","P11","Home",95.77,4,383.08,"East","Store","No"
2023-10-18,"ORD916438","C323","P9","Home",115.7,5,578.5,"South","Online","No"
2023-10-19,"ORD793665","C412","P5","Clothing",38.82,3,116.46,"East","Online","Yes"
2023-10-20,"ORD806958","C447","P4","Electronics",532.18,5,2660.9,"west","Online","No"
2023-10-21,"ORD993451","C175","P3","Electronics",314.46,7,2201.22,"North","Online","No"
2023-10-22,"ORD239551","C167","P1","Electronics",565.92,11,6225.12,"North","Online","No"
2023-10-23,"ORD917470","C59","P2","Electronics",574.83,8,4598.64,"west","Store","No"
2023-10-24,"ORD325033","C248","P7","Clothing",42.04,9,378.36,"west","Online","Yes"
2023-10-25,"ORD894158","C287","P3","Electronics",314.46,6,1886.76,"South","Online","No"
2023-10-26,"ORD347388","C472","P10","Home",102.43,7,717.01,"North","Store","Yes"
2023-10-27,"ORD556259","C218","P6","Clothing",40.76,2,81.52,"North","Online","No"
2023-10-28,"ORD722047","C29","P1","Electronics",565.92,2,1131.84,"west","Online","No"
2023-10-29,"ORD944852","C488","P9","Home",98.34,11,1081.74,"South","Store","Yes"
2023-10-30,"ORD845586","C280","P12","Home",121.91,9,1097.19,"west","Online","No"
2023-10-31,"ORD567260","C409","P7","Clothing",42.04,11,462.44,"East","Store","Yes"
2023-11-01,"ORD501728","C52","P3","Electronics",314.46,3,943.38,"South","Online","No"
2023-11-02,"ORD907929","C199","P2","Electronics",574.83,5,2874.15,"North","Online","No"
2023-11-03,"ORD921532","C229","P11","Home",95.77,5,478.85,"west","Store","No"
2023-11-04,"ORD975119","C36","P7","Clothing",49.46,11,544.06,"North","Online","No"
2023-11-05,"ORD538716","C299","P11","Home",81.41,10,814.1,"North","Store","Yes"
2023-11-06,"ORD475171","C380","P5","Clothing",45.67,5,228.35,"South","Online","No"
2023-11-07,"ORD195255","C354","P4","Electronics",532.18,11,5853.98,"East","Online","No"
2023-11-08,"ORD178620","C372","P11","Home",81.41,15,1221.15,"North","Store","Yes"
2023-11-09,"ORD419899","C379","P12","Home",103.62,10,1036.2,"North","Online","Yes"
2023-11-10,"ORD530250","C3","P8","Clothing",25.39,4,101.56,"South","Store","No"
2023-11-11,"ORD644988","C167","P1","Electronics",565.92,11,6225.12,"North","Store","No"
2023-11-12,"ORD102701","C193","P7","Clothing",49.46,7,346.22,"South","Online","No"
2023-11-13,"ORD349110","C301","P12","Home",103.62,13,1347.06,"South","Online","Yes"
2023-11-14,"ORD468689","C313","P11","Home",95.77,8,766.16,"North","Online","No"
2023-11-15,"ORD380263","C167","P10","Home",120.51,8,964.08,"North","Online","No"
2023-11-16,"ORD478582","C163","P3","Electronics",314.46,9,2830.14,"East","Online","No"
2023-11-17,"ORD646994","C146","P2","Electronics",488.61,4,1954.44,"South","Online","Yes"
2023-11-18,"ORD304769","C163","P1","Electronics",565.92,12,6791.04,"west","Online","No"
2023-11-19,"ORD746233","C3","P10","Home",120.51,9,1084.59,"East","Online","No"
2023-11-20,"ORD139276","C162","P8","Clothing",21.58,9,194.22,"East","Store","Yes"
2023-11-21,"ORD396339","C384","P4","Electronics",532.18,8,4257.44,"North","Store","No"
2023-11-22,"ORD935950","C498","P4","Electronics",532.18,8,4257.44,"East","Online","No"
2023-11-23,"ORD936157","C82","P2","Electronics",574.83,9,5173.47,"South","Store","No"
2023-11-24,"ORD957266","C440","P10","Home",120.51,10,1205.1,"North","Online","No"
2023-11-25,"ORD308649","C311","P9","Home",98.34,5,491.7,"west","Online","Yes"
2023-11-26,"ORD397342","C466","P2","Electronics",574.83,10,5748.3,"South","Online","No"
2023-11-27,"ORD489120","C105","P9","Home",115.7,8,925.6,"South","Store","No"
2023-11-28,"ORD401108","C439","P12","Home",121.91,9,1097.19,"west","Online","No"
2023-11-29,"ORD211808","C323","P4","Electronics",532.18,5,2660.9,"west","Online","No"
2023-11-30,"ORD356302","C82","P10","Home",102.43,8,819.44,"North","Online","Yes"
2023-12-01,"ORD255627","C278","P7","Clothing",49.46,5,247.3,"South","Online","No"
2023-12-02,"ORD182580","C54","P12","Home",121.91,13,1584.83,"North","Online","No"
2023-12-03,"ORD147360","C207","P7","Clothing",49.46,14,692.44,"North","Online","No"
2023-12-04,"ORD523556","C302","P5","Clothing",45.67,2,91.34,"west","Store","No"
2023-12-05,"ORD742500","C217","P10","Home",120.51,5,602.55,"North","Store","No"
2023-12-06,"ORD782007","C371","P3","Electronics",267.29,13,3474.77,"South","Store","Yes"
2023-12-07,"ORD421086","C369","P1","Electronics",565.92,7,3961.44,"East","Online","No"
2023-12-08,"ORD856402","C361","P4","Electronics",532.18,11,5853.98,"west","Store","No"
2023-12-09,"ORD936305","C215","P10","Home",120.51,6,723.06,"North","Online","No"
2023-12-10,"ORD264909","C329","P7","Clothing",42.04,8,336.32,"North","Store","Yes"
2023-12-11,"ORD664742","C192","P12","Home",103.62,12,1243.44,"west","Store","Yes"
2023-12-12,"ORD166954","C281","P7","Clothing",42.04,13,546.52,"west","Store","Yes"
2023-12-13,"ORD932749","C15","P1","Electronics",565.92,11,6225.12,"North","Online","No"
2023-12-14,"ORD953277","C95","P9","Home",115.7,4,462.8,"East","Store","No"
2023-12-15,"ORD880552","C59","P5","Clothing",38.82,8,310.56,"South","Online","Yes"
2023-12-16,"ORD699623","C492","P4","Electronics",532.18,9,4789.62,"North","Online","No"
2023-12-17,"ORD691134","C378","P12","Home",121.91,9,1097.19,"South","Online","No"
2023-12-18,"ORD918696","C173","P5","Clothing",45.67,12,548.04,"west","Online","No"
2023-12-19,"ORD133946","C276","P6","Clothing",40.76,9,366.84,"South","Online","No"
2023-12-20,"ORD800846","C262","P11","Home",95.77,3,287.31,"west","Store","No"
2023-12-21,"ORD129258","C233","P6","Clothing",40.76,8,326.08,"west","Online","No"
2023-12-22,"ORD382875","C72","P5","Clothing",38.82,10,388.2,"South","Store","Yes"
2023-12-23,"ORD574368","C380","P9","Home",115.7,8,925.6,"South","Store","No"
2023-12-24,"ORD962537","C444","P9","Home",98.34,13,1278.42,"North","Online","Yes"
2023-12-25,"ORD738567","C16","P9","Home",115.7,4,462.8,"East","Online","No"
2023-12-26,"ORD305897","C9","P8","Clothing",25.39,5,126.95,"North","Online","No"
2023-12-27,"ORD209517","C336","P8","Clothing",25.39,9,228.51,"North","Store","No"
2023-12-28,"ORD387646","C388","P3","Electronics",314.46,9,2830.14,"South","Store","No"
2023-12-29,"ORD758282","C28","P12","Home",121.91,15,1828.65,"East","Online","No"
2023-12-30,"ORD127949","C294","P5","Clothing",45.67,11,502.37,"East","Store","No"
2023-12-31,"ORD938807","C405","P11","Home",95.77,8,766.16,"west","Store","No"
2024-01-01,"ORD613076","C488","P7","Clothing",42.04,4,168.16,"North","Store","Yes"
2024-01-02,"ORD186230","C437","P12","Home",121.91,6,731.46,"East","Online","No"
2024-01-03,"ORD774005","C304","P9","Home",115.7,2,231.4,"East","Store","No"
2024-01-04,"ORD325792","C18","P9","Home",115.7,5,578.5,"west","Online","No"
2024-01-05,"ORD738225","C401","P12","Home",103.62,6,621.72,"North","Store","Yes"
2024-01-06,"ORD246777","C369","P1","Electronics",481.03,6,2886.18,"South","Online","Yes"
2024-01-07,"ORD317579","C340","P3","Electronics",267.29,13,3474.77,"East","Store","Yes"
2024-01-08,"ORD203870","C70","P2","Electronics",574.83,9,5173.47,"west","Online","No"
2024-01-09,"ORD457181","C40","P3","Electronics",314.46,4,1257.84,"South","Online","No"
2024-01-10,"ORD521451","C59","P4","Electronics",532.18,2,1064.36,"North","Online","No"
2024-01-11,"ORD207667","C471","P5","Clothing",45.67,5,228.35,"East","Online","No"
2024-01-12,"ORD751427","C101","P12","Home",121.91,9,1097.19,"East","Store","No"
2024-01-13,"ORD789853","C205","P6","Clothing",34.65,11,381.15,"North","Online","Yes"
2024-01-14,"ORD619769","C248","P5","Clothing",45.67,5,228.35,"west","Store","No"
2024-01-15,"ORD323679","C359","P7","Clothing",49.46,6,296.76,"North","Online","No"
2024-01-16,"ORD761178","C430","P12","Home",121.91,8,975.28,"west","Store","No"
2024-01-17,"ORD497587","C156","P5","Clothing",45.67,2,91.34,"East","Online","No"
2024-01-18,"ORD983754","C32","P9","Home",115.7,8,925.6,"west","Online","No"
2024-01-19,"ORD307531","C165","P10","Home",102.43,10,1024.3,"North","Store","Yes"
2024-01-20,"ORD338701","C1","P5","Clothing",45.67,6,274.02,"South","Online","No"
2024-01-21,"ORD950488","C319","P3","Electronics",314.46,5,1572.3,"South","Online","No"
2024-01-22,"ORD961742","C336","P5","Clothing",38.82,10,388.2,"South","Store","Yes"
2024-01-23,"ORD164504","C68","P4","Electronics",452.35,5,2261.75,"North","Online","Yes"
2024-01-24,"ORD165846","C483","P3","Electronics",314.46,1,314.46,"North","Store","No"
2024-01-25,"ORD122614","C53","P4","Electronics",532.18,6,3193.08,"west","Store","No"
2024-01-26,"ORD685811","C443","P3","Electronics",314.46,4,1257.84,"west","Store","No"
2024-01-27,"ORD151545","C252","P10","Home",120.51,7,843.57,"East","Store","No"
2024-01-28,"ORD688181","C444","P3","Electronics",314.46,7,2201.22,"west","Online","No"
2024-01-29,"ORD360204","C184","P12","Home",121.91,9,1097.19,"South","Online","No"
2024-01-30,"ORD551590","C441","P1","Electronics",481.03,7,3367.21,"South","Store","Yes"
2024-01-31,"ORD816024","C301","P6","Clothing",40.76,4,163.04,"west","Online","No"
2024-02-01,"ORD711766","C272","P12","Home",121.91,5,609.55,"North","Online","No"
2024-02-02,"ORD489521","C289","P8","Clothing",25.39,5,126.95,"North","Store","No"
2024-02-03,"ORD753392","C385","P1","Electronics",565.92,6,3395.52,"west","Online","No"
2024-02-04,"ORD863714","C142","P4","Electronics",452.35,10,4523.5,"North","Online","Yes"
2024-02-05,"ORD928682","C478","P2","Electronics",574.83,3,1724.49,"East","Online","No"
2024-02-06,"ORD316789","C313","P12","Home",121.91,7,853.37,"South","Store","No"
2024-02-07,"ORD145652","C72","P8","Clothing",21.58,4,86.32,"west","Online","Yes"
2024-02-08,"ORD120486","C317","P4","Electronics",532.18,3,1596.54,"East","Online","No"
2024-02-09,"ORD421908","C443","P5","Clothing",45.67,6,274.02,"South","Online","No"
2024-02-10,"ORD971127","C187","P4","Electronics",532.18,3,1596.54,"South","Online","No"
2024-02-11,"ORD422618","C25","P11","Home",81.41,11,895.51,"East","Store","Yes"
2024-02-12,"ORD920024","C420","P11","Home",95.77,2,191.54,"South","Online","No"
2024-02-13,"ORD440747","C337","P5","Clothing",45.67,5,228.35,"South","Store","No"
2024-02-14,"ORD444066","C176","P6","Clothing",34.65,5,173.25,"South","Online","Yes"
2024-02-15,"ORD217446","C200","P12","Home",103.62,6,621.72,"west","Online","Yes"
2024-02-16,"ORD275710","C108","P10","Home",120.51,4,482.04,"North","Store","No"
2024-02-17,"ORD309026","C457","P11","Home",81.41,7,569.87,"South","Online","Yes"
2024-02-18,"ORD256917","C142","P5","Clothing",38.82,7,271.74,"west","Online","Yes"
2024-02-19,"ORD868678","C187","P3","Electronics",314.46,9,2830.14,"East","Online","No"
2024-02-20,"ORD486052","C150","P2","Electronics",488.61,4,1954.44,"South","Online","Yes"
2024-02-21,"ORD481859","C377","P7","Clothing",49.46,7,346.22,"North","Online","No"
2024-02-22,"ORD247965","C281","P1","Electronics",565.92,4,2263.68,"South","Store","No"
2024-02-23,"ORD547357","C5","P7","Clothing",42.04,7,294.28,"East","Store","Yes"
2024-02-24,"ORD386373","C147","P3","Electronics",314.46,10,3144.6,"North","Store","No"
2024-02-25,"ORD679096","C229","P11","Home",95.77,9,861.93,"East","Store","No"
2024-02-26,"ORD528688","C259","P8","Clothing",21.58,8,172.64,"South","Store","Yes"
2024-02-27,"ORD667934","C293","P9","Home",98.34,13,1278.42,"North","Online","Yes"
2024-02-28,"ORD611901","C56","P2","Electronics",574.83,3,1724.49,"North","Store","No"
2024-02-29,"ORD154217","C125","P7","Clothing",42.04,11,462.44,"west","Online","Yes"
2024-03-01,"ORD718026","C363","P3","Electronics",314.46,4,1257.84,"South","Store","No"
2024-03-02,"ORD218692","C244","P5","Clothing",38.82,3,116.46,"South","Store","Yes"
2024-03-03,"ORD322870","C81","P12","Home",121.91,7,853.37,"North","Online","No"
2024-03-04,"ORD707549","C1","P11","Home",95.77,5,478.85,"North","Online","No"
2024-03-05,"ORD516173","C16","P11","Home",81.41,7,569.87,"west","Store","Yes"
2024-03-06,"ORD892151","C358","P3","Electronics",267.29,7,1871.03,"North","Online","Yes"
2024-03-07,"ORD351593","C156","P10","Home",120.51,8,964.08,"west","Store","No"
2024-03-08,"ORD499964","C312","P3","Electronics",314.46,4,1257.84,"North","Online","No"
2024-03-09,"ORD438530","C48","P11","Home",95.77,8,766.16,"East","Store","No"
2024-03-10,"ORD529574","C86","P10","Home",120.51,2,241.02,"South","Store","No"
2024-03-11,"ORD301130","C174","P4","Electronics",532.18,6,3193.08,"west","Store","No"
2024-03-12,"ORD617025","C471","P2","Electronics",488.61,9,4397.49,"North","Store","Yes"
2024-03-13,"ORD862140","C354","P11","Home",95.77,8,766.16,"South","Online","No"
2024-03-14,"ORD974183","C121","P4","Electronics",532.18,1,532.18,"North","Online","No"
2024-03-15,"ORD457566","C434","P9","Home",115.7,2,231.4,"west","Store","No"
2024-03-16,"ORD907757","C372","P11","Home",95.77,5,478.85,"North","Store","No"
2024-03-17,"ORD318770","C249","P11","Home",81.41,10,814.1,"North","Online","Yes"
2024-03-18,"ORD692725","C206","P4","Electronics",532.18,7,3725.26,"North","Online","No"
2024-03-19,"ORD931669","C73","P10","Home",120.51,7,843.57,"North","Store","No"
2024-03-20,"ORD784644","C442","P4","Electronics",532.18,5,2660.9,"South","Online","No"
2024-03-21,"ORD623662","C14","P4","Electronics",532.18,5,2660.9,"South","Store","No"
2024-03-22,"ORD292623","C419","P10","Home",120.51,6,723.06,"west","Online","No"
2024-03-23,"ORD338516","C334","P11","Home",95.77,4,383.08,"west","Store","No"
2024-03-24,"ORD999928","C451","P9","Home",115.7,2,231.4,"East","Store","No"
2024-03-25,"ORD650428","C49","P5","Clothing",45.67,5,228.35,"North","Store","No"
2024-03-26,"ORD708304","C429","P11","Home",95.77,7,670.39,"west","Online","No"
2024-03-27,"ORD581493","C213","P10","Home",120.51,6,723.06,"South","Store","No"
2024-03-28,"ORD861544","C464","P5","Clothing",45.67,2,91.34,"South","Online","No"
2024-03-29,"ORD233843","C187","P4","Electronics",452.35,7,3166.45,"west","Online","Yes"
2024-03-30,"ORD784163","C445","P5","Clothing",38.82,10,388.2,"North","Store","Yes"
2024-03-31,"ORD103513","C483","P5","Clothing",38.82,11,427.02,"west","Online","Yes"
2024-04-01,"ORD654504","C211","P4","Electronics",532.18,3,1596.54,"North","Store","No"
2024-04-02,"ORD717027","C99","P2","Electronics",488.61,12,5863.32,"South","Online","Yes"
2024-04-03,"ORD849912","C418","P4","Electronics",532.18,5,2660.9,"East","Store","No"
2024-04-04,"ORD590567","C101","P4","Electronics",532.18,8,4257.44,"North","Store","No"
2024-04-05,"ORD843717","C276","P1","Electronics",565.92,3,1697.76,"west","Store","No"
2024-04-06,"ORD878863","C181","P7","Clothing",42.04,5,210.2,"North","Store","Yes"
2024-04-07,"ORD253337","C417","P5","Clothing",45.67,3,137.01,"west","Store","No"
2024-04-08,"ORD774217","C495","P1","Electronics",565.92,4,2263.68,"west","Online","No"
2024-04-09,"ORD727623","C386","P11","Home",95.77,4,383.08,"South","Online","No"
2024-04-10,"ORD854776","C385","P9","Home",115.7,3,347.1,"East","Online","No"
2024-04-11,"ORD211889","C352","P4","Electronics",532.18,7,3725.26,"west","Online","No"
2024-04-12,"ORD655372","C164","P5","Clothing",38.82,12,465.84,"North","Store","Yes"
2024-04-13,"ORD531811","C78","P1","Electronics",565.92,8,4527.36,"west","Online","No"
2024-04-14,"ORD705117","C90","P5","Clothing",45.67,11,502.37,"North","Online","No"
2024-04-15,"ORD664024","C108","P11","Home",95.77,6,574.62,"west","Store","No"
2024-04-16,"ORD934021","C56","P5","Clothing",45.67,4,182.68,"west","Online","No"
2024-04-17,"ORD616434","C388","P5","Clothing",45.67,4,182.68,"North","Store","No"
2024-04-18,"ORD667639","C279","P9","Home",98.34,9,885.06,"South","Online","Yes"
2024-04-19,"ORD606153","C121","P11","Home",95.77,8,766.16,"South","Online","No"
2024-04-20,"ORD204012","C340","P4","Electronics",532.18,4,2128.72,"South","Store","No"
2024-04-21,"ORD291091","C346","P3","Electronics",314.46,3,943.38,"South","Online","No"
2024-04-22,"ORD123626","C163","P9","Home",115.7,3,347.1,"South","Online","No"
2024-04-23,"ORD838602","C218","P8","Clothing",25.39,8,203.12,"North","Online","No"
2024-04-24,"ORD130278","C217","P8","Clothing",21.58,5,107.9,"East","Online","Yes"
2024-04-25,"ORD209120","C87","P10","Home",120.51,4,482.04,"South","Store","No"
2024-04-26,"ORD543611","C159","P6","Clothing",40.76,6,244.56,"west","Online","No"
2024-04-27,"ORD134754","C487","P6","Clothing",34.65,9,311.85,"South","Store","Yes"
2024-04-28,"ORD809827","C393","P4","Electronics",532.18,8,4257.44,"west","Store","No"
2024-04-29,"ORD956819","C483","P1","Electronics",565.92,6,3395.52,"South","Online","No"
2024-04-30,"ORD535398","C212","P10","Home",102.43,3,307.29,"South","Store","Yes"
2024-05-01,"ORD877121","C76","P5","Clothing",38.82,8,310.56,"South","Online","Yes"
2024-05-02,"ORD355931","C82","P4","Electronics",532.18,5,2660.9,"South","Store","No"
2024-05-03,"ORD911146","C48","P11","Home",95.77,11,1053.47,"North","Store","No"
2024-05-04,"ORD882950","C184","P6","Clothing",34.65,5,173.25,"South","Online","Yes"
2024-05-05,"ORD774511","C83","P4","Electronics",532.18,12,6386.16,"South","Store","No"
2024-05-06,"ORD765259","C307","P2","Electronics",488.61,4,1954.44,"East","Online","Yes"
2024-05-07,"ORD924383","C20","P2","Electronics",574.83,5,2874.15,"North","Online","No"
2024-05-08,"ORD918165","C274","P6","Clothing",34.65,8,277.2,"South","Online","Yes"
2024-05-09,"ORD730348","C133","P4","Electronics",532.18,9,4789.62,"North","Online","No"
2024-05-10,"ORD747025","C18","P12","Home",121.91,3,365.73,"North","Online","No"
2024-05-11,"ORD151258","C115","P10","Home",120.51,8,964.08,"west","Online","No"
2024-05-12,"ORD372245","C270","P6","Clothing",40.76,4,163.04,"East","Online","No"
2024-05-13,"ORD488109","C339","P6","Clothing",40.76,5,203.8,"South","Online","No"
2024-05-14,"ORD550655","C318","P5","Clothing",45.67,1,45.67,"west","Online","No"
2024-05-15,"ORD400226","C202","P5","Clothing",38.82,8,310.56,"North","Online","Yes"
2024-05-16,"ORD272404","C196","P10","Home",120.51,7,843.57,"East","Store","No"
2024-05-17,"ORD982685","C488","P10","Home",102.43,4,409.72,"East","Store","Yes"
2024-05-18,"ORD949677","C184","P4","Electronics",452.35,8,3618.8,"South","Store","Yes"
2024-05-19,"ORD713368","C30","P8","Clothing",25.39,7,177.73,"North","Online","No"
2024-05-20,"ORD985384","C256","P6","Clothing",34.65,13,450.45,"west","Store","Yes"
2024-05-21,"ORD625777","C141","P10","Home",120.51,3,361.53,"East","Store","No"
2024-05-22,"ORD894501","C436","P5","Clothing",38.82,5,194.1,"East","Store","Yes"
2024-05-23,"ORD604696","C376","P12","Home",121.91,8,975.28,"west","Online","No"
2024-05-24,"ORD930835","C117","P6","Clothing",40.76,3,122.28,"west","Store","No"
2024-05-25,"ORD774789","C199","P10","Home",120.51,8,964.08,"North","Store","No"
2024-05-26,"ORD371844","C110","P2","Electronics",574.83,2,1149.66,"East","Online","No"
2024-05-27,"ORD456134","C171","P2","Electronics",488.61,7,3420.27,"west","Store","Yes"
2024-05-28,"ORD140347","C244","P8","Clothing",25.39,14,355.46,"North","Online","No"
2024-05-29,"ORD148301","C16","P5","Clothing",45.67,6,274.02,"west","Online","No"
2024-05-30,"ORD676628","C345","P8","Clothing",25.39,5,126.95,"East","Online","No"
2024-05-31,"ORD817851","C54","P2","Electronics",574.83,6,3448.98,"west","Online","No"
2024-06-01,"ORD860234","C184","P4","Electronics",532.18,7,3725.26,"South","Store","No"
2024-06-02,"ORD107221","C46","P4","Electronics",532.18,3,1596.54,"East","Online","No"
2024-06-03,"ORD686692","C332","P7","Clothing",49.46,3,148.38,"North","Online","No"
2024-06-04,"ORD749357","C242","P3","Electronics",314.46,8,2515.68,"west","Store","No"
2024-06-05,"ORD307694","C175","P6","Clothing",40.76,6,244.56,"west","Online","No"
2024-06-06,"ORD724470","C155","P10","Home",120.51,7,843.57,"South","Store","No"
2024-06-07,"ORD729761","C381","P1","Electronics",565.92,5,2829.6,"East","Online","No"
2024-06-08,"ORD993186","C41","P4","Electronics",532.18,6,3193.08,"East","Store","No"
2024-06-09,"ORD546165","C121","P10","Home",120.51,8,964.08,"west","Online","No"
2024-06-10,"ORD200559","C321","P12","Home",121.91,7,853.37,"East","Online","No"
2024-06-11,"ORD753127","C15","P3","Electronics",314.46,3,943.38,"west","Store","No"
2024-06-12,"ORD316091","C293","P1","Electronics",481.03,7,3367.21,"East","Online","Yes"
2024-06-13,"ORD219326","C125","P12","Home",121.91,6,731.46,"East","Online","No"
2024-06-14,"ORD100488","C178","P2","Electronics",574.83,6,3448.98,"East","Online","No"
2024-06-15,"ORD920513","C300","P1","Electronics",565.92,5,2829.6,"west","Store","No"
2024-06-16,"ORD187268","C293","P1","Electronics",565.92,4,2263.68,"west","Store","No"
2024-06-17,"ORD318753","C233","P10","Home",120.51,1,120.51,"South","Store","No"
2024-06-18,"ORD496903","C421","P7","Clothing",42.04,8,336.32,"South","Online","Yes"
2024-06-19,"ORD313757","C284","P1","Electronics",565.92,4,2263.68,"west","Online","No"
2024-06-20,"ORD394971","C473","P5","Clothing",45.67,3,137.01,"South","Online","No"
2024-06-21,"ORD472569","C385","P8","Clothing",25.39,3,76.17,"South","Online","No"
2024-06-22,"ORD229166","C200","P4","Electronics",532.18,5,2660.9,"west","Online","No"
2024-06-23,"ORD841338","C370","P8","Clothing",21.58,10,215.8,"East","Store","Yes"
2024-06-24,"ORD326146","C55","P11","Home",95.77,5,478.85,"west","Store","No"
2024-06-25,"ORD112289","C131","P12","Home",121.91,3,365.73,"East","Store","No"
2024-06-26,"ORD566269","C492","P5","Clothing",45.67,5,228.35,"North","Store","No"
2024-06-27,"ORD741495","C493","P10","Home",120.51,6,723.06,"East","Store","No"
2024-06-28,"ORD243003","C54","P10","Home",120.51,2,241.02,"North","Online","No"
2024-06-29,"ORD212963","C206","P12","Home",103.62,7,725.34,"west","Online","Yes"
2024-06-30,"ORD851551","C367","P4","Electronics",532.18,6,3193.08,"North","Store","No"
2024-07-01,"ORD972856","C364","P7","Clothing",49.46,4,197.84,"South","Store","No"
2024-07-02,"ORD863300","C428","P4","Electronics",532.18,4,2128.72,"west","Online","No"
2024-07-03,"ORD667861","C382","P12","Home",121.91,6,731.46,"west","Online","No"
2024-07-04,"ORD337795","C126","P9","Home",115.7,8,925.6,"North","Store","No"
2024-07-05,"ORD644955","C304","P3","Electronics",314.46,9,2830.14,"South","Store","No"
2024-07-06,"ORD736985","C311","P1","Electronics",565.92,9,5093.28,"East","Store","No"
2024-07-07,"ORD170298","C371","P3","Electronics",314.46,5,1572.3,"North","Online","No"
2024-07-08,"ORD277710","C359","P5","Clothing",45.67,5,228.35,"South","Online","No"
2024-07-09,"ORD854353","C288","P12","Home",121.91,6,731.46,"East","Online","No"
2024-07-10,"ORD923480","C146","P5","Clothing",45.67,3,137.01,"North","Online","No"
2024-07-11,"ORD852932","C166","P9","Home",115.7,8,925.6,"East","Store","No"
2024-07-12,"ORD998120","C204","P6","Clothing",40.76,7,285.32,"North","Store","No"
2024-07-13,"ORD652342","C442","P12","Home",121.91,5,609.55,"South","Store","No"
2024-07-14,"ORD167793","C55","P5","Clothing",45.67,4,182.68,"west","Store","No"
2024-07-15,"ORD691748","C98","P11","Home",81.41,7,569.87,"East","Online","Yes"
2024-07-16,"ORD865140","C113","P5","Clothing",45.67,7,319.69,"South","Store","No"
2024-07-17,"ORD197802","C26","P11","Home",81.41,5,407.05,"South","Store","Yes"
2024-07-18,"ORD691170","C83","P7","Clothing",49.46,8,395.68,"North","Store","No"
2024-07-19,"ORD890661","C60","P6","Clothing",40.76,7,285.32,"East","Store","No"
2024-07-20,"ORD993938","C456","P5","Clothing",45.67,3,137.01,"East","Store","No"
2024-07-21,"ORD434776","C423","P12","Home",121.91,7,853.37,"North","Online","No"
2024-07-22,"ORD438948","C479","P2","Electronics",574.83,4,2299.32,"East","Online","No"
2024-07-23,"ORD788009","C336","P3","Electronics",314.46,6,1886.76,"South","Online","No"
2024-07-24,"ORD591078","C243","P9","Home",98.34,9,885.06,"west","Online","Yes"
2024-07-25,"ORD880195","C337","P2","Electronics",574.83,6,3448.98,"North","Online","No"
2024-07-26,"ORD114529","C342","P10","Home",102.43,8,819.44,"East","Online","Yes"
2024-07-27,"ORD342089","C392","P1","Electronics",565.92,5,2829.6,"west","Store","No"
2024-07-28,"ORD884948","C62","P11","Home",81.41,11,895.51,"west","Store","Yes"
2024-07-29,"ORD425927","C134","P1","Electronics",481.03,8,3848.24,"South","Online","Yes"
2024-07-30,"ORD887063","C448","P4","Electronics",532.18,5,2660.9,"South","Store","No"
2024-07-31,"ORD404317","C43","P4","Electronics",532.18,0,0,"North","Online","No"
2024-08-01,"ORD946906","C163","P9","Home",115.7,7,809.9,"west","Store","No"
2024-08-02,"ORD199090","C328","P3","Electronics",314.46,3,943.38,"North","Online","No"
2024-08-03,"ORD548624","C443","P1","Electronics",565.92,5,2829.6,"North","Store","No"
2024-08-04,"ORD576377","C481","P8","Clothing",25.39,9,228.51,"South","Online","No"
2024-08-05,"ORD236644","C465","P2","Electronics",574.83,7,4023.81,"East","Store","No"
2024-08-06,"ORD280456","C189","P5","Clothing",45.67,7,319.69,"North","Online","No"
2024-08-07,"ORD353205","C51","P6","Clothing",40.76,6,244.56,"North","Online","No"
2024-08-08,"ORD735919","C497","P2","Electronics",574.83,4,2299.32,"North","Online","No"
2024-08-09,"ORD290007","C6","P12","Home",121.91,4,487.64,"North","Store","No"
2024-08-10,"ORD322396","C381","P5","Clothing",45.67,5,228.35,"East","Online","No"
2024-08-11,"ORD521066","C381","P7","Clothing",49.46,5,247.3,"East","Store","No"
2024-08-12,"ORD749297","C222","P4","Electronics",452.35,5,2261.75,"South","Online","Yes"
2024-08-13,"ORD601111","C27","P2","Electronics",488.61,7,3420.27,"North","Online","Yes"
2024-08-14,"ORD346443","C6","P2","Electronics",574.83,7,4023.81,"South","Store","No"
2024-08-15,"ORD129298","C388","P1","Electronics",565.92,3,1697.76,"North","Online","No"
2024-08-16,"ORD608548","C179","P11","Home",95.77,6,574.62,"west","Online","No"
2024-08-17,"ORD793135","C466","P6","Clothing",40.76,4,163.04,"South","Online","No"
2024-08-18,"ORD867873","C396","P3","Electronics",314.46,6,1886.76,"South","Online","No"
2024-08-19,"ORD856575","C61","P10","Home",120.51,5,602.55,"west","Online","No"
2024-08-20,"ORD587661","C444","P10","Home",120.51,1,120.51,"North","Online","No"
2024-08-21,"ORD519109","C256","P6","Clothing",40.76,3,122.28,"South","Online","No"
2024-08-22,"ORD396160","C307","P12","Home",121.91,3,365.73,"East","Store","No"
2024-08-23,"ORD588563","C110","P12","Home",121.91,9,1097.19,"North","Store","No"
2024-08-24,"ORD817864","C145","P11","Home",95.77,8,766.16,"west","Online","No"
2024-08-25,"ORD650924","C156","P8","Clothing",25.39,5,126.95,"East","Online","No"
2024-08-26,"ORD556615","C153","P7","Clothing",42.04,12,504.48,"East","Store","Yes"
2024-08-27,"ORD998773","C300","P12","Home",121.91,9,1097.19,"East","Store","No"
2024-08-28,"ORD665630","C255","P3","Electronics",314.46,2,628.92,"South","Store","No"
2024-08-29,"ORD567626","C258","P2","Electronics",574.83,4,2299.32,"East","Store","No"
2024-08-30,"ORD516987","C385","P2","Electronics",574.83,4,2299.32,"South","Store","No"
2024-08-31,"ORD148643","C418","P9","Home",115.7,7,809.9,"East","Online","No"
2024-09-01,"ORD962862","C462","P12","Home",121.91,9,1097.19,"west","Store","No"
2024-09-02,"ORD595169","C441","P11","Home",81.41,6,488.46,"west","Store","Yes"
2024-09-03,"ORD172039","C164","P1","Electronics",565.92,6,3395.52,"East","Online","No"
2024-09-04,"ORD993374","C379","P1","Electronics",565.92,10,5659.2,"North","Online","No"
2024-09-05,"ORD139205","C374","P11","Home",81.41,10,814.1,"South","Store","Yes"
2024-09-06,"ORD795651","C326","P9","Home",115.7,6,694.2,"west","Store","No"
2024-09-07,"ORD910746","C482","P7","Clothing",49.46,3,148.38,"East","Online","No"
2024-09-08,"ORD724234","C493","P7","Clothing",49.46,4,197.84,"East","Online","No"
2024-09-09,"ORD803264","C85","P2","Electronics",488.61,13,6351.93,"East","Online","Yes"
2024-09-10,"ORD348534","C417","P7","Clothing",49.46,6,296.76,"west","Store","No"
2024-09-11,"ORD547270","C320","P11","Home",95.77,6,574.62,"North","Online","No"
2024-09-12,"ORD817418","C438","P5","Clothing",45.67,4,182.68,"west","Store","No"
2024-09-13,"ORD513702","C123","P8","Clothing",21.58,10,215.8,"South","Online","Yes"
2024-09-14,"ORD528772","C327","P2","Electronics",574.83,4,2299.32,"west","Online","No"
2024-09-15,"ORD778084","C125","P4","Electronics",532.18,5,2660.9,"East","Online","No"
2024-09-16,"ORD430704","C237","P9","Home",115.7,5,578.5,"South","Online","No"
2024-09-17,"ORD196603","C374","P1","Electronics",565.92,5,2829.6,"North","Online","No"
2024-09-18,"ORD488000","C497","P8","Clothing",21.58,7,151.06,"west","Online","Yes"
2024-09-19,"ORD679519","C225","P4","Electronics",532.18,4,2128.72,"South","Online","No"
2024-09-20,"ORD120096","C411","P10","Home",120.51,6,723.06,"North","Online","No"
2024-09-21,"ORD371485","C154","P1","Electronics",481.03,3,1443.09,"west","Store","Yes"
2024-09-22,"ORD865569","C295","P5","Clothing",38.82,10,388.2,"East","Online","Yes"
2024-09-23,"ORD407506","C21","P12","Home",121.91,3,365.73,"North","Online","No"
2024-09-24,"ORD444110","C79","P4","Electronics",532.18,1,532.18,"South","Store","No"
2024-09-25,"ORD690047","C49","P8","Clothing",25.39,10,253.9,"South","Store","No"
2024-09-26,"ORD694549","C190","P3","Electronics",314.46,8,2515.68,"North","Store","No"
2024-09-27,"ORD170670","C146","P9","Home",115.7,6,694.2,"North","Store","No"
2024-09-28,"ORD138145","C353","P11","Home",81.41,6,488.46,"North","Store","Yes"
2024-09-29,"ORD901881","C303","P3","Electronics",314.46,3,943.38,"west","Store","No"
2024-09-30,"ORD213297","C381","P10","Home",102.43,5,512.15,"west","Store","Yes"
2024-10-01,"ORD630287","C438","P3","Electronics",314.46,5,1572.3,"North","Online","No"
2024-10-02,"ORD605684","C57","P12","Home",121.91,10,1219.1,"East","Online","No"
2024-10-03,"ORD688931","C327","P9","Home",115.7,5,578.5,"South","Online","No"
2024-10-04,"ORD454136","C336","P9","Home",115.7,4,462.8,"west","Online","No"
2024-10-05,"ORD344178","C469","P7","Clothing",42.04,6,252.24,"North","Store","Yes"
2024-10-06,"ORD206904","C102","P11","Home",95.77,4,383.08,"west","Online","No"
2024-10-07,"ORD252630","C339","P7","Clothing",49.46,2,98.92,"North","Online","No"
2024-10-08,"ORD896371","C266","P11","Home",95.77,6,574.62,"west","Store","No"
2024-10-09,"ORD889465","C114","P8","Clothing",25.39,2,50.78,"South","Online","No"
2024-10-10,"ORD221302","C326","P10","Home",120.51,2,241.02,"East","Online","No"
2024-10-11,"ORD667731","C297","P9","Home",115.7,6,694.2,"North","Online","No"
2024-10-12,"ORD692678","C431","P9","Home",98.34,13,1278.42,"East","Online","Yes"
2024-10-13,"ORD592596","C93","P5","Clothing",38.82,16,621.12,"South","Store","Yes"
2024-10-14,"ORD533575","C184","P2","Electronics",488.61,7,3420.27,"South","Store","Yes"
2024-10-15,"ORD239399","C312","P1","Electronics",565.92,4,2263.68,"South","Online","No"
2024-10-16,"ORD370923","C406","P7","Clothing",42.04,10,420.4,"East","Online","Yes"
2024-10-17,"ORD869090","C7","P6","Clothing",40.76,10,407.6,"South","Online","No"
2024-10-18,"ORD539759","C275","P12","Home",121.91,4,487.64,"west","Store","No"
2024-10-19,"ORD532820","C163","P6","Clothing",40.76,7,285.32,"South","Store","No"
2024-10-20,"ORD411151","C220","P4","Electronics",532.18,5,2660.9,"North","Store","No"
2024-10-21,"ORD924503","C102","P4","Electronics",452.35,18,8142.3,"East","Online","Yes"
2024-10-22,"ORD511266","C204","P5","Clothing",45.67,6,274.02,"South","Store","No"
2024-10-23,"ORD714609","C313","P12","Home",121.91,6,731.46,"South","Store","No"
2024-10-24,"ORD206960","C172","P5","Clothing",45.67,7,319.69,"South","Store","No"
2024-10-25,"ORD200998","C500","P3","Electronics",314.46,4,1257.84,"west","Online","No"
2024-10-26,"ORD760422","C395","P1","Electronics",565.92,6,3395.52,"East","Store","No"
2024-10-27,"ORD867512","C67","P1","Electronics",565.92,2,1131.84,"East","Store","No"
2024-10-28,"ORD245182","C478","P8","Clothing",25.39,5,126.95,"North","Online","No"
2024-10-29,"ORD537212","C49","P2","Electronics",488.61,12,5863.32,"South","Online","Yes"
2024-10-30,"ORD307439","C314","P1","Electronics",565.92,7,3961.44,"west","Store","No"
2024-10-31,"ORD923109","C301","P10","Home",102.43,7,717.01,"East","Online","Yes"
2024-11-01,"ORD807340","C240","P11","Home",95.77,7,670.39,"west","Online","No"
2024-11-02,"ORD452634","C82","P8","Clothing",25.39,8,203.12,"west","Online","No"
2024-11-03,"ORD756787","C463","P4","Electronics",532.18,6,3193.08,"North","Online","No"
2024-11-04,"ORD637665","C209","P11","Home",81.41,12,976.92,"East","Online","Yes"
2024-11-05,"ORD837438","C139","P5","Clothing",45.67,3,137.01,"South","Store","No"
2024-11-06,"ORD203598","C470","P6","Clothing",40.76,9,366.84,"North","Online","No"
2024-11-07,"ORD498566","C472","P2","Electronics",574.83,8,4598.64,"East","Online","No"
2024-11-08,"ORD620398","C439","P9","Home",115.7,6,694.2,"East","Store","No"
2024-11-09,"ORD878113","C247","P9","Home",115.7,8,925.6,"East","Store","No"
2024-11-10,"ORD879424","C8","P11","Home",95.77,7,670.39,"North","Online","No"
2024-11-11,"ORD686514","C308","P5","Clothing",45.67,6,274.02,"North","Store","No"
2024-11-12,"ORD928312","C220","P5","Clothing",45.67,12,548.04,"East","Online","No"
2024-11-13,"ORD621412","C11","P9","Home",115.7,4,462.8,"South","Online","No"
2024-11-14,"ORD900632","C85","P10","Home",120.51,3,361.53,"South","Online","No"
2024-11-15,"ORD908489","C61","P10","Home",102.43,16,1638.88,"South","Store","Yes"
2024-11-16,"ORD244472","C235","P6","Clothing",40.76,8,326.08,"North","Online","No"
2024-11-17,"ORD501430","C269","P7","Clothing",49.46,7,346.22,"North","Online","No"
2024-11-18,"ORD366923","C204","P9","Home",115.7,10,1157,"west","Online","No"
2024-11-19,"ORD111766","C436","P6","Clothing",40.76,9,366.84,"North","Online","No"
2024-11-20,"ORD762050","C188","P4","Electronics",532.18,8,4257.44,"North","Store","No"
2024-11-21,"ORD973776","C43","P12","Home",121.91,6,731.46,"North","Online","No"
2024-11-22,"ORD361056","C89","P9","Home",115.7,6,694.2,"North","Store","No"
2024-11-23,"ORD178486","C243","P12","Home",121.91,8,975.28,"west","Online","No"
2024-11-24,"ORD319241","C268","P5","Clothing",45.67,5,228.35,"East","Online","No"
2024-11-25,"ORD137047","C411","P3","Electronics",314.46,9,2830.14,"west","Store","No"
2024-11-26,"ORD135456","C74","P7","Clothing",42.04,7,294.28,"South","Store","Yes"
2024-11-27,"ORD945298","C490","P8","Clothing",21.58,12,258.96,"North","Store","Yes"
2024-11-28,"ORD159097","C281","P1","Electronics",481.03,10,4810.3,"North","Online","Yes"
2024-11-29,"ORD141864","C304","P1","Electronics",565.92,4,2263.68,"North","Store","No"
2024-11-30,"ORD447497","C81","P7","Clothing",49.46,9,445.14,"South","Online","No"
2024-12-01,"ORD731018","C326","P12","Home",121.91,14,1706.74,"North","Online","No"
2024-12-02,"ORD421824","C330","P3","Electronics",314.46,4,1257.84,"west","Online","No"
2024-12-03,"ORD459948","C421","P4","Electronics",452.35,10,4523.5,"East","Online","Yes"
2024-12-04,"ORD300974","C295","P2","Electronics",488.61,12,5863.32,"North","Store","Yes"
2024-12-05,"ORD672448","C128","P10","Home",120.51,4,482.04,"west","Online","No"
2024-12-06,"ORD511269","C342","P1","Electronics",481.03,9,4329.27,"west","Online","Yes"
2024-12-07,"ORD405388","C173","P1","Electronics",565.92,8,4527.36,"South","Store","No"
2024-12-08,"ORD678718","C474","P9","Home",115.7,13,1504.1,"South","Store","No"
2024-12-09,"ORD545480","C254","P8","Clothing",25.39,14,355.46,"west","Store","No"
2024-12-10,"ORD138357","C104","P1","Electronics",565.92,9,5093.28,"South","Store","No"
2024-12-11,"ORD384991","C280","P7","Clothing",49.46,8,395.68,"East","Store","No"
2024-12-12,"ORD655687","C88","P10","Home",120.51,8,964.08,"South","Online","No"
2024-12-13,"ORD871792","C4","P6","Clothing",40.76,6,244.56,"East","Store","No"
2024-12-14,"ORD117173","C339","P6","Clothing",40.76,7,285.32,"North","Online","No"
2024-12-15,"ORD901556","C379","P2","Electronics",488.61,8,3908.88,"East","Online","Yes"
2024-12-16,"ORD242796","C189","P11","Home",95.77,5,478.85,"North","Online","No"
2024-12-17,"ORD420857","C453","P3","Electronics",314.46,4,1257.84,"North","Store","No"
2024-12-18,"ORD200685","C52","P11","Home",95.77,7,670.39,"South","Online","No"
2024-12-19,"ORD986718","C266","P9","Home",115.7,4,462.8,"west","Online","No"
2024-12-20,"ORD451749","C203","P9","Home",115.7,8,925.6,"South","Store","No"
2024-12-21,"ORD292018","C322","P9","Home",115.7,6,694.2,"west","Online","No"
2024-12-22,"ORD440997","C308","P12","Home",121.91,14,1706.74,"South","Store","No"
2024-12-23,"ORD610286","C387","P4","Electronics",532.18,7,3725.26,"North","Online","No"
2024-12-24,"ORD779567","C496","P1","Electronics",565.92,3,1697.76,"South","Online","No"
2024-12-25,"ORD299619","C472","P11","Home",81.41,14,1139.74,"west","Store","Yes"
2024-12-26,"ORD767021","C142","P6","Clothing",40.76,7,285.32,"South","Store","No"
2024-12-27,"ORD905703","C95","P10","Home",120.51,5,602.55,"west","Store","No"
2024-12-28,"ORD423547","C379","P5","Clothing",45.67,6,274.02,"west","Store","No"
2024-12-29,"ORD789317","C11","P2","Electronics",574.83,8,4598.64,"North","Online","No"
2024-12-30,"ORD789566","C312","P11","Home",95.77,7,670.39,"North","Store","No"
